<?xml version="1.0" encoding="UTF-8"?>
<?NLS TYPE="org.eclipse.help.toc"?>
<toc label="Bluetooth LE" topic="introduction.html"><topic label="Bluetooth LE" href="introduction.html"><topic label="Overview" href="overview/introduction.html"><topic label="Module Description" href="overview/description.html"/><topic label="Technology Overview" href="overview/technology.html"/><topic label="System Architecture" href="overview/architecture.html"/><topic label="Setup Guide" href="overview/setup.html"/></topic><topic label="User Guide" href="user/introduction.html"><topic label="Management via Text Console" href="user/textconsole.html"/></topic><topic label="Developer Guide" href="developer/introduction.html"><topic label="Creating Custom Service Provider" href="developer/btle_creating_custom_service_provider.html"/></topic><topic label="Bundles" href="bundles/introduction.html"><topic label="Bluetooth LE API Bundle" href="bundles/btledriverapi.html"/><topic label="Bluetooth LE Commands Bundle" href="bundles/btledrivercomands.html"/><topic label="Bluetooth LE Default Service Provider Bundle" href="bundles/btledriverserviceproviderdefault.html"/><topic label="Bluetooth LE Custom Service Provider Bundle" href="bundles/btledriverserviceprovider.html"/><topic label="Bluetooth LE Linux Driver Bundle" href="bundles/btlelinux.html"/><topic label="Bluetooth LE Native Linux Driver Bundles" href="bundles/btledriverlinux.html"/><topic label="Bluetooth LE Android Drivers Bundle" href="bundles/btle_android_drivers.html"/><topic label="Bluetooth LE Android Broadcom Drivers Bundle" href="bundles/btle_android_drivers_broadcom.html"/><topic label="Bluetooth LE HDM API Bundle" href="bundles/btle_hdm_api.html"/><topic label="Bluetooth LE HDM Adapter Bundle" href="bundles/btle_hdm_adapter.html"/><topic label="Bluetooth LE HDM DCO Provider Bundle" href="bundles/btle_hdm_dco_provider.html"/><topic label="Bluetooth LE HDM DCO Default Provider Bundle" href="bundles/btle_hdm_dco_default_provider.html"/></topic><topic label="Services" href="services_btle.html"><topic label="BluetoothLE Controller Service" href="btle_controller_service.html"/><topic label="Gatt Provider Service" href="gatt_service.html"/></topic><topic label="Demos" href="demos/introduction.html"><topic label="General Rules for Demos" href="demos/general.html"/><topic label="Bluetooth LE Discovery Demo" href="demos/btle_discovery_demo.html"/><topic label="Bluetooth LE StickNFind Demo" href="demos/stick_n_find_demo_btle.html"/><topic label="Bluetooth LE SensorTag Demo" href="demos/sensor_tag_btle_demo.html"/></topic></topic></toc>