<?xml version="1.0" encoding="UTF-8"?>
<?NLS TYPE="org.eclipse.help.toc"?>
<toc label="Functional Items Management" topic="introduction.html"><topic label="Functional Items Management" href="introduction.html"><topic label="Overview" href="overview/introduction.html"><topic label="Module Description" href="overview/description.html"/><topic label="System Architecture" href="overview/architecture.html"/><topic label="Setup Guide" href="overview/setup.html"/></topic><topic label="User Guide" href="user/introduction.html"><topic label="Management via Text Console" href="user/textconsole.html"/><topic label="Management via Web Console" href="user/webconsole.html"/></topic><topic label="Developer Guide" href="developer/introduction.html"><topic label="Defining Functional Items" href="developer/defining.html"/><topic label="Metadata and Annotations" href="developer/meta_ano.html"/><topic label="Functional Item Events" href="developer/fim_events.html"/><topic label="Factories" href="developer/fim_factories.html"/><topic label="Groups" href="developer/fim_groups.html"/></topic><topic label="Bundles" href="bundles/introduction.html"><topic label="FIM API Bundle" href="bundles/fim_api.html"/><topic label="FIM Core Bundle" href="bundles/fim_core.html"/><topic label="FIM Commands Bundle" href="bundles/fim_commands.html"/><topic label="FIM JSON-RPC Bundle" href="bundles/fim_jsonrpc.html"/><topic label="FIM Web JS Library Bundle" href="bundles/fim_web.html"/><topic label="FIM Web Console Bundle" href="bundles/fim_webconsole.html"/></topic><topic label="Services" href="services/introduction.html"><topic label="Group Admin Service" href="services/GroupAdmin.html"/><topic label="Functional Item Helper Service" href="services/FunctionalItemHelper.html"/><topic label="Functional Item Admin SPI Service" href="services/FunctionalItemAdminSpi.html"/></topic><topic label="Demos" href="demos/introduction.html"><topic label="General Rules for Demos" href="demos/general.html"/><topic label="FIM Demo" href="demos/simple-demo.html"/><topic label="FIM Simple JS Demo " href="demos/simple_js-demo.html"/><topic label="FIM Simple Groups Demo " href="demos/simple_groups-demo.html"/></topic></topic></toc>