<?xml version="1.0" encoding="UTF-8"?>
<?NLS TYPE="org.eclipse.help.toc"?>
<toc label="Remote Access" topic="web_services_topic.html"><topic label="Remote Access" href="web_services_topic.html"><topic label="JSON-RPC" href="../modules/jsonrpc/introduction.html"><topic label="Overview" href="../modules/jsonrpc/overview/introduction.html"><topic label="Module Description" href="../modules/jsonrpc/overview/description.html"/><topic label="Technology Overview" href="../modules/jsonrpc/overview/technology.html"/><topic label="System Architecture" href="../modules/jsonrpc/overview/architecture.html"/><topic label="Setup Guide" href="../modules/jsonrpc/overview/setup.html"/></topic><topic label="Developer Guide" href="../modules/jsonrpc/developer/introduction.html"><topic label="Web Sockets Notifications" href="../modules/jsonrpc/developer/usingpush.html"/><topic label="Long Poll Event Handlers" href="../modules/jsonrpc/developer/longpoll_jsonrpc.html"/><topic label="Hello World Example" href="../modules/jsonrpc/user/jsonrpchelloworldexample.html"/><topic label="Adding JSON-RPC Methods" href="../modules/jsonrpc/developer/addjsonrpcmethod.html"/><topic label="Error Codes" href="../modules/jsonrpc/developer/jsonrpc_error_codes.html"/></topic><topic label="Bundles" href="../modules/jsonrpc/bundles/introduction.html"><topic label="JSON-RPC API Bundle" href="../modules/jsonrpc/bundles/jsonrpcproviderapi.html"/><topic label="JSON-RPC Core Bundle" href="../modules/jsonrpc/bundles/jsonrpcprovider.html"/><topic label="JSON-RPC Backup Admin Remote Handler Bundle" href="../modules/jsonrpc/bundles/backupadminjsonrpc.html"/><topic label="JSON-RPC Configuration Admin Bundle" href="../modules/jsonrpc/bundles/configurationadminjsonrpc.html"/><topic label="JSON-RPC Device Management Tree Bundle " href="../modules/jsonrpc/bundles/devicemanagementtreejsonrpc.html"/><topic label="JSON-RPC Event Websocket" href="../modules/jsonrpc/bundles/jsonrpc_event_websocket.html"/><topic label="JSON-RPC Handler Event" href="../modules/jsonrpc/bundles/jsonrpc_handler_avant.html"/><topic label="JSON-RPC Resource Provider Bundle" href="../modules/jsonrpc/bundles/resourceproviderjsonrpc.html"/><topic label="JSON-RPC Event Handler Websocket Bundle" href="../modules/jsonrpc/bundles/jsonrpchandlereventwebsocket.html"/><topic label="JSON-RPC Platformstate Bundle" href="../modules/jsonrpc/bundles/jsonrpchandlerplatformstate.html"/><topic label="JSON-RPC User Admin Remote Handler Bundle" href="../modules/jsonrpc/bundles/useradminjsonrpc.html"/><topic label="JSON-RPC Policy Admin Invoker Bundle" href="../modules/jsonrpc/bundles/jsonrpc_policy_admin.html"/></topic><topic label="Demos" href="../modules/jsonrpc/demos/introduction.html"><topic label="General Rules for Demos" href="../modules/jsonrpc/demos/general.html"/><topic label="JSON-RPC Bookstore Demo" href="../modules/jsonrpc/demos/json_demo_bookstore.html"/><topic label="JSON-RPC Events Demo" href="../modules/jsonrpc/demos/jsonrpc_events_demo.html"/><topic label="JSON-RPC Chat Demo" href="../modules/jsonrpc/demos/json_demo_chat.html"/></topic></topic><topic label="REST" href="../modules/rest/introduction.html"><topic label="Overview" href="../modules/rest/overview/introduction.html"><topic label="Module Description" href="../modules/rest/overview/description.html"/><topic label="Technology Overview" href="../modules/rest/overview/technology.html"/><topic label="System Architecture" href="../modules/rest/overview/architecture.html"/><topic label="Setup Guide" href="../modules/rest/overview/setup.html"/></topic><topic label="Developer Guide" href="../modules/rest/developer/introduction.html"><topic label="Common Behaviors and Definitions" href="../modules/rest/developer/common_behaviors_definitions.html"><topic label="URI Space and Resource Representations" href="../modules/rest/developer/uri_resource representations_rest.html"/><topic label="HTTP Binding" href="../modules/rest/developer/http_binding_rest.html"/><topic label="Versioning and Error Handling" href="../modules/rest/developer/versioning_errors_rest.html"/><topic label="Customizing Resource Representations" href="../modules/rest/developer/customizing_resource_representations_rest.html"/><topic label="Limiting Query Results and Pagination" href="../modules/rest/developer/query_results_pagination_rest.html"/></topic><topic label="Registering JAX-RS root resources with JAX-RS container" href="../modules/rest/developer/registering_jaxrs_resource_rest.html"/><topic label="Registering JAX-RS providers with JAX-RS container" href="../modules/rest/developer/registering_jaxrs_providers_rest.html"/></topic><topic label="Bundles" href="../modules/rest/bundles/introduction.html"><topic label="REST Core Bundle" href="../modules/rest/bundles/rest_core.html"/><topic label="REST API Bundle" href="../modules/rest/bundles/restapi.html"/><topic label="REST Events Pull " href="../modules/rest/bundles/restevents.html"/><topic label="REST Events Push " href="../modules/rest/bundles/events_push_rest.html"/><topic label="REST Wink Container Bundle" href="../modules/rest/bundles/restcontainerwink.html"/><topic label="REST Wink Client Bundle" href="../modules/rest/bundles/rest_wink_client.html"/><topic label="REST Jackson Provider Bundle" href="../modules/rest/bundles/restproviderjackson.html"/><topic label="REST Jetty Client Bundle" href="../modules/rest/bundles/rest_client_jetty.html"/><topic label="REST Policy Invoker Bundle" href="../modules/rest/bundles/rest_security.html"/><topic label="REST Documentation Bundle" href="../modules/rest/bundles/restdoc.html"/></topic><topic label="Demos" href="../modules/rest/demos/introduction.html"><topic label="General Rules for Demos" href="../modules/rest/demos/general.html"/><topic label="Bookstore Demo" href="../modules/rest/demos/restbookstoredemo.html"/><topic label="Events Demo" href="../modules/rest/demos/rest_events_demo.html"/></topic></topic></topic></toc>