<?xml version="1.0" encoding="UTF-8"?>
<?NLS TYPE="org.eclipse.help.toc"?>
<toc label="Bluetooth PerAdmin" topic="introduction.html"><topic label="Bluetooth PerAdmin" href="introduction.html"><topic label="Overview" href="overview_btper.html"><topic label="Module Description" href="overview/architecture.html"/><topic label="Setup Guide" href="overview/setup.html"/></topic><topic label="Bundles" href="bundles/introduction.html"><topic label="Bluetooth Peripheral Admin Core Bundle" href="bundles/bt_peradmin_core.html"/></topic></topic></toc>