<?xml version="1.0" encoding="UTF-8"?>
<?NLS TYPE="org.eclipse.help.toc"?>
<toc label="EnOcean" topic="introduction.html"><topic label="EnOcean" href="introduction.html"><topic label="Overview" href="overview/introduction.html"><topic label="Module Description" href="overview/description.html"/><topic label="Technology Overview" href="overview/techoverview.html"/><topic label="System Architecture" href="overview/sysarch.html"/><topic label="Setup Guide" href="overview/setup.html"/></topic><topic label="User Guide" href="user/introduction.html"><topic label="Management via Text Console" href="user/console_cmds.html"/><topic label="Management via Web Console" href="user/manage_console.html"/></topic><topic label="Developer Guide" href="developer/introduction.html"><topic label="EnOcean Events" href="developer/events.html"/><topic label="Managing EnOcean via the EnOcean Java API" href="developer/topic.html"/><topic label="Managing EnOcean via HDM" href="developer/dev-enocean-hdm.html"><topic label="Protocol Information" href="developer/dev-enocean-protocol-info.html"/></topic></topic><topic label="Bundles" href="bundles/introduction.html"><topic label="EnOcean API Bundle" href="bundles/enocean-api.html"/><topic label="EnOcean Java Driver Bundle" href="bundles/java-driver.html"/><topic label="EnOcean JSON Util&#xA; Bundle" href="bundles/jsonrpc-v2.html"/><topic label="EnOcean FrameAnalyzer Bundle" href="bundles/jsonframeanalyzer.html"/><topic label="EnOcean HDM API Bundle " href="bundles/hdm_api.html"/><topic label="EnOcean HDM Adapter Bundle" href="bundles/hdmadapter.html"/><topic label="EnOcean EOLink Driver Bundle" href="bundles/eolink.html"/><topic label="EnOcean EOLink Windows Driver Bundle" href="bundles/eolink-win-64.html"/><topic label="EnOcean EOLink Linux Driver Bundle" href="bundles/eolink-lin-64.html"/></topic><topic label="Services" href="services/introduction.html"><topic label="EnOcean Controller Service" href="services/EnOceanController.html"/><topic label="EnOcean MetaInfo Service" href="services/EnOceanMetaInfo.html"/></topic></topic></toc>