<?xml version="1.0" encoding="UTF-8"?>
<?NLS TYPE="org.eclipse.help.toc"?>
<toc label="DECT" topic="introduction.html"><topic label="DECT" href="introduction.html"><topic label="Overview" href="overview/introduction.html"><topic label="Module Description" href="overview/description.html"/><topic label="Technology Overview" href="overview/techoverview.html"/><topic label="System Architecture" href="overview/sysarch.html"/><topic label="Setup Guide" href="overview/setup.html"/></topic><topic label="User Guide" href="user/introduction.html"><topic label="DECT Device Types" href="user/devices.html"/><topic label="DECT Interface Types" href="user/interfaces.html"/><topic label="Management via Text Console" href="user/console.html"/><topic label="Management via Web Console" href="user/user_webconsole.html"/></topic><topic label="Developer Guide" href="developer/introduction.html"><topic label="Managing DECT Devices" href="developer/managedect.html"/><topic label="Managing DECT Devices via HDM" href="developer/control_devices_hdm.html"/></topic><topic label="Bundles" href="bundles/introduction.html"><topic label="DECT API Bundle" href="bundles/api.html"/><topic label="DECT Driver Native Component Manager Bundle" href="bundles/native-component-mgr.html"/><topic label="DECT Java Driver Bundle" href="bundles/driver.html"/><topic label="DECT Driver Dev Bundle" href="bundles/cmbs-natives_dev.html"/><topic label="DECT Driver Linux x86 Bundle" href="bundles/cmbs-natives_linux_x86.html"/><topic label="DECT Driver Linux x86-64 Bundle" href="bundles/cmbs-natives_linux_x86_64.html"/><topic label="DECT Driver Win x86 Bundle" href="bundles/cmbs-natives_win_x86.html"/><topic label="DECT Driver Win x86-64 Bundle" href="bundles/cmbs-natives_win_x86_64.html"/><topic label="DECT JSON-RPC Bundle " href="../jsonrpc/bundles/dectjsonrpc.html"/><topic label="DECT Pluggable Commands Bundle" href="bundles/commands.html"/><topic label="DECT HDM Protocol Adapter Bundle" href="bundles/adapter.html"/><topic label="DECT HDM API Bundle" href="bundles/dect_hdm_api.html"/><topic label="DECT Frameanalyzer Bundle" href="bundles/dect_frameanalyzer.html"/></topic><topic label="Services" href="services/introduction.html"><topic label="Transport Service" href="services/TransportService.html"/></topic><topic label="Demos" href="demo/introduction.html"><topic label="General Rules for Demos" href="demo/general.html"/><topic label="DECT List Demo" href="demo/list.html"/></topic></topic></toc>