<?xml version="1.0" encoding="UTF-8"?>
<?NLS TYPE="org.eclipse.help.toc"?>
<toc label="Database" topic="introduction.html"><topic label="Database" href="introduction.html"><topic label="Overview" href="overview/introduction.html"><topic label="Module Description" href="overview/description.html"/><topic label="Setup Guide" href="overview/setup.html"/></topic><topic label="Developer Guide" href="developer/introduction.html"><topic label="Overview of SQLite Database" href="developer/sqlite_overview.html"/></topic><topic label="Bundles" href="bundles/introduction.html"><topic label="SQLite JDBC Driver Bundle" href="bundles/sqlite/db_sqlite.html"/><topic label="SQLite JDBC Lin32 Driver Bundle" href="bundles/sqlite/db_sqlite_lin32.html"/><topic label="SQLite JDBC Lin64 Driver Bundle" href="bundles/sqlite/db_sqlite_lin64.html"/><topic label="SQLite JDBC OSX32 Driver Bundle" href="bundles/sqlite/db_sqlite_osx32.html"/><topic label="SQLite JDBC OSX64 Driver Bundle" href="bundles/sqlite/db_sqlite_osx64.html"/><topic label="SQLite JDBC Win32 Driver Bundle" href="bundles/sqlite/db_sqlite_win32.html"/><topic label="SQLite JDBC Win64 Driver Bundle" href="bundles/sqlite/db_sqlite_win64.html"/></topic><topic label="Demos" href="demos/introduction.html"><topic label="General Rules for Demos" href="demos/demo_all.html"/><topic label=" JDBC Demo" href="demos/sqlite.html"/></topic><topic label="api.html" href="api.html"/></topic></toc>