<?xml version="1.0" encoding="UTF-8"?>
<?NLS TYPE="org.eclipse.help.toc"?>
<toc label="DevStreams" topic="introduction.html"><topic label="DevStreams " href="introduction.html"><topic label="Overview" href="overview/introduction.html"><topic label="Module Description" href="overview/description.html"/><topic label="System Architecture" href="overview/sysarch.html"/><topic label="Setup Guide" href="overview/setup.html"/></topic><topic label="User Guide" href="user/introduction.html"><topic label="Management via Text Console" href="user/commands.html"/><topic label="Management via Web Console" href="user/webadmin.html"/></topic><topic label="Developer Guide" href="developer/introduction.html"><topic label="Capturing Transmitted Data" href="developer/capture.html"/><topic label="Emulating Transmitted Data" href="developer/emulate.html"/></topic><topic label="Bundles" href="bundles/introduction.html"><topic label="DevStreams API Bundle" href="bundles/devstreamsapi.html"/><topic label="DevStreams Core&#xA; Bundle" href="bundles/smartcomm_impl.html"/><topic label="DevStreams Commands Bundle" href="bundles/smartcomm_commands.html"/><topic label="DevStreams Serial Implementation Bundle" href="bundles/smart_serial.html"/><topic label="DevStreams Serial Bridge Bundle" href="bundles/serialportbridge.html"/><topic label="DevStreams Socket Core Bundle" href="bundles/devsoccore.html"/><topic label="DevStreams Socket Implementation Bundle" href="bundles/smart_socket.html"/><topic label="DevStreams Linux Proxy Bundle" href="bundles/linuxproxy.html"/><topic label="DevStreams Linux Proxy Natives Bundle" href="bundles/linuxproxynatives.html"/><topic label="DevStreams Frame Analyzer Web Console Plugin Bundle" href="bundles/frm_webconsle.html"/></topic><topic label="Demos" href="demos/introduction.html"><topic label="General Rules for Demos" href="demos/demo_all.html"/><topic label="Serial Port Log Demo" href="demos/log_demo.html"/><topic label="Serial Port Emulate Demo" href="demos/emulate_demo.html"/><topic label="Serial Bridge Demo" href="demos/serial_bridge_demo.html"/><topic label="Socket Log Demo" href="demos/soketlog_demo.html"/><topic label="Socket Emulate Demo" href="demos/socketemulate_demo.html"/><topic label="Frame Analyzer Serial Port Demo" href="demos/frmanalyzer_demo.html"/><topic label="Frame Analyzer Socket Demo" href="demos/frmanalyzer_socket_demo.html"/></topic></topic></toc>