<?xml version="1.0" encoding="UTF-8"?>
<?NLS TYPE="org.eclipse.help.toc"?>
<toc label="DLNA Server" topic="introduction.html"><topic label="DLNA Server" href="introduction.html"><topic label="Overview" href="overview/introduction.html"><topic label="Module Description" href="overview/description.html"/><topic label="Setup Guide" href="overview/setup.html"/></topic><topic label="User Guide" href="user/introduction.html"><topic label="Management via Web Console" href="user/webcontrol.html"/></topic><topic label="Developer Guide" href="developer/introduction.html"><topic label="Managing the DLNA Implementation" href="developer/developer.html"/></topic><topic label="Bundles" href="bundles/inroduction.html"><topic label="DLNA Media Server API Bundle" href="bundles/minidlnaapi.html"/><topic label="Mini DLNA Wrapper Bundle" href="bundles/minidlna.html"/><topic label="DLNA Media Server Bundle" href="bundles/mediaserver.html"/><topic label="PV Control Wrapper Bundle" href="bundles/dlnaserverpvcontrol.html"/><topic label="DLNA Web Console Plugin Bundle" href="bundles/dlnaserverweb.html"/></topic><topic label="Services" href="services/dlna_services.html"><topic label="DLNA Media Server Service" href="services/dlna_media_server_service.html"/></topic><topic label="Demos" href="demos/introduction.html"><topic label="General Rules for Demos" href="demos/demo_all.html"/><topic label="DLNA Media Server Photo Album Demo" href="demos/mediacontentprovider.html"/></topic></topic></toc>