<?xml version="1.0" encoding="UTF-8"?>
<?NLS TYPE="org.eclipse.help.toc"?>
<toc label="Cameras" topic="introduction.html"><topic label="Cameras" href="introduction.html"><topic label="Overview" href="overview/introduction.html"><topic label="Module Description" href="overview/description.html"/><topic label="System Architecture" href="overview/overview.html"/><topic label="Setup Guide" href="overview/setup.html"/></topic><topic label="User Guide" href="user/introduction.html"><topic label="Management via Text Console" href="user/devmanage_commands.html"/><topic label="Management via Web Console" href="user/devmanage_webadmin.html"/></topic><topic label="Developer Guide" href="developer/introduction.html"><topic label="Managing Cameras" href="developer/cameras.html"/><topic label="Managing Cameras via HDM" href="developer/hdm/cameras_hdm.html"/></topic><topic label="Bundles" href="bundles/introduction.html"><topic label="Cameras API Bundle" href="bundles/cam_api.html"/><topic label="Cameras Commands Bundle" href="bundles/cam_commands.html"/><topic label="Cameras Recorder Bundle" href="bundles/recorder.html"/><topic label="Camera Driver AXIS Bundle " href="bundles/axis.html"/><topic label="Camera Driver Compro Bundle" href="bundles/compro.html"/><topic label="Camera Driver IPCAM Bundle" href="bundles/ipcam.html"/><topic label="Camera Driver Mobotix Bundle" href="bundles/mobotix.html"/><topic label="Camera Driver ONVIF Bundle" href="bundles/onvif.html"/><topic label="Camera Driver Panasonic Bundle" href="bundles/panasonic.html"/><topic label="Camera Driver SerComm Bundle" href="bundles/sercomm.html"/><topic label="Camera Driver UDP Bundle" href="bundles/udp.html"/><topic label="Camera Driver UDP IPX/IPN Bundle" href="bundles/udp-ipx.html"/><topic label="Camera Driver ZyXEL Bundle" href="bundles/zyxel.html"/><topic label="Camera Driver Generic Bundle" href="bundles/generic.html"/><topic label="Camera Driver D-LINK Bundle " href="bundles/dlink_cas.html"/><topic label="Camera Driver Edimax Bundle " href="bundles/edimax.html"/><topic label="Cameras HDM Adapter Bundle" href="bundles/hdm.html"/><topic label="Cameras HDM API Bundle" href="bundles/hdm_api.html"/><topic label="Cameras Manager Bundle" href="bundles/cam_manager.html"/><topic label="Cameras RTSP Proxy Bundle" href="bundles/cam_rtsp.html"/><topic label="Cameras Transcoder FFMPEG Bundle" href="bundles/ffmpeg.html"/><topic label="Cameras Transcoder VLC Bundle" href="bundles/vlc.html"/><topic label="Cameras WebConsole Plugin Bundle" href="bundles/cam_web_plugin.html"/><topic label="Cameras Frame Analyzer Bundle" href="bundles/cam_frame_analyzer.html"/></topic><topic label="Services" href="services/services.html"><topic label="Cameras Manager Service" href="services/camerasmanager.html"/><topic label="URL Stream Handler Service" href="services/urlstreamhandlerservice.html"/></topic><topic label="Demos" href="demos/introduction.html"><topic label="General Rules for Demos" href="demos/general.html"/><topic label="Web Based Camera Viewer Demo" href="demos/camviewer.html"/></topic></topic></toc>